{
  "name": "camera_back_left_scaramuzza",
  "size": [
    872,
    872
  ],
  "imageCircleRadius": 436,
  "image_center": [
    436.574771,
    443.744199
  ],
  "polynomialC2W": [
    -2.830247e+02,
    0.000000e+00,
    1.130153e-03,
    -1.870746e-07,
    1.548140e-09
  ],
  "polynomialW2C": [
    455.217884,
    304.117884,
    30.117358,
    37.914819,
    25.500353,
    7.907473,
    3.490984,
    2.700899,
    0.722930
  ],
  "affine": [
    0.999798,
    -0.000199,
    0.000094
  ]
}