{
  "name": "camera_back_right_scaramuzza",
  "size": [
    872,
    872
  ],
  "imageCircleRadius": 436,
  "image_center": [
    437.882970,
    438.370512
  ],
  "polynomialC2W": [
    -2.848305e+02,
    0.000000e+00,
    1.270821e-03,
    -1.108317e-06,
    3.211110e-09
  ],
  "polynomialW2C": [
    448.046216,
    275.417817,
    -0.829026,
    33.442463,
    25.579666,
    -4.785610,
    1.274275,
    14.349067,
    8.792641,
    1.575194
  ],
  "affine": [
    0.999887,
    -0.000099,
    0.000065
  ]
}