{
  "name": "camera_front_right_scaramuzza",
  "size": [
    872,
    872
  ],
  "imageCircleRadius": 436,
  "image_center": [
    441.065140,
    423.106574
  ],
  "polynomialC2W": [
    -2.758721e+02,
    0.000000e+00,
    1.216260e-03,
    -7.671044e-07,
    2.379245e-09
  ],
  "polynomialW2C": [
    451.279153,
    300.101709,
    14.777962,
    28.386413,
    28.257463,
    4.012532,
    -0.028834,
    7.979098,
    5.916757,
    1.212304
  ],
  "affine": [
    1.000143,
    0.000217,
    -0.000039
  ]
}