{
  "name": "camera_front_left_scaramuzza",
  "size": [
    872,
    872
  ],
  "imageCircleRadius": 436,
  "image_center": [
    426.391953,
    442.934625
  ],
  "polynomialC2W": [
    -2.787474e+02,
    0.000000e+00,
    1.094497e-03,
    1.774048e-07,
    6.569800e-10
  ],
  "polynomialW2C": [
    460.338573,
    334.319389,
    66.308739,
    52.536031,
    28.965735,
    11.448555,
    3.534604,
    0.641935
  ],
  "affine": [
    1.000199,
    -0.000043,
    -0.000066
  ]
}